paper_id,title,authors,year,venue,doi,url,publisher,open_access,pdf_path,domain,disease,medical_modality,clinical_data,image_encoder,clinical_encoder,fusion_method,cross_attention,multimodal_transformer,explainability,dataset,sample_size,evaluation_metrics,main_result,limitations,relevance_score,relevance_reason,base_paper_candidate,notes
P001,TriFusion-ADFormer: a deep learning framework for early Alzheimer's disease detection using MRI and cognitive metrics,S Sabari Vasan; P Jayalakshmi,2026,Frontiers in Artificial Intelligence,10.3389/frai.2026.1849315,https://www.frontiersin.org/journals/artificial-intelligence/articles/10.3389/frai.2026.1849315/full,Frontiers,YES,research/papers/pdf/P001.pdf,Medical AI,Alzheimer disease / dementia,Structural MRI,Cognitive scores; MRI-derived text,Swin Transformer V2,BERT for MRI-derived text; MLP for scores,Concatenation + FFN,NO,NO,Not verified from available source,ADNI,105 distinct subjects; 306 scan sessions reported,"Accuracy, macro AUROC, F1, sensitivity, specificity, ECE; subject-level 3-fold CV",Authors report accuracy 86.0%; macro AUROC 0.93; F1 0.86.,Single ADNI cohort; no external or prospective validation; MRI-derived text is not independent clinical data.,5,Directly studies AD/dementia imaging with clinical or cognitive information.,YES,"Publisher full text, sections 3.3, 4 and 5"
P002,Not Only Grey Matter: OmniBrain for Robust Multimodal Classification of Alzheimer's Disease,Ahmed Sharshar; Yasser Ashraf; Tameem Bakr; Salma Hassan; Hosam Elgendy; Mohammad Yaqub; Mohsen Guizani,2025,Proceedings of the IEEE/CVF International Conference on Computer Vision Workshops,,https://openaccess.thecvf.com/content/ICCV2025W/CVAMD/html/Sharshar_Not_Only_Grey_Matter_OmniBrain_for_Robust_Multimodal_Classification_of_ICCVW_2025_paper.html,IEEE/CVF,YES,research/papers/pdf/P002.pdf,Medical AI,Alzheimer disease / dementia,Brain MRI,"Clinical, radiomics, gene expression",AnatCL / y-Aware InfoNCE,FT-Transformer,Cross-attention with modality masking,YES,PARTIAL,Grad-CAM; SHAP,ANMerge development; ADNI MRI-only external test,"ANMerge resource 1,702 participants; selected experiment 319 unique patients/919 samples; 453 had MRI, per paper","Accuracy, recall, F1; group-based 5-fold CV; external MRI-only ADNI test",Authors report 92.2 ± 2.4% ANMerge accuracy; 70.4 ± 2.7% external ADNI accuracy.,External ADNI test is MRI-only; no clinical deployment validation.,5,Directly studies AD/dementia imaging with clinical or cognitive information.,YES,Official CVF proceedings abstract and paper sections 3–5
P003,A Multimodal Cross-Attention Model for Alzheimer's Disease Diagnosis,Zhou Li; Yongbin Liu; Chunping Ouyang; Jiangtao Zhang; Xue Pan; Lu Jiang; Jin Zhong,2025,Acta Scientiarum Naturalium Universitatis Pekinensis,10.13209/j.0479-8023.2024.121,https://xbna.pku.edu.cn/CN/Y2025/V61/I4/629,Peking University Press,NOT VERIFIED,,Medical AI,Alzheimer disease / dementia,Medical imaging; exact modality not verified from abstract,Clinical data,Not verified from available source,Not verified from available source,Asymmetric cross-attention; Transformer feature module,YES,PARTIAL,Not verified from available source,ADNI,Not verified from available source,Not verified from available source,See source abstract in note,Not verified from available source,5,Directly studies AD/dementia imaging with clinical or cognitive information.,YES,"Official journal page, abstract and bibliographic block"
P004,A transformer-based unified multimodal framework for Alzheimer's disease assessment,Qi Yu; Qian Ma; Lijuan Da; Jiahui Li; Mengying Wang; Andi Xu; Zilin Li; Wenyuan Li,2024,Computers in Biology and Medicine,10.1016/j.compbiomed.2024.108979,https://doi.org/10.1016/j.compbiomed.2024.108979,Elsevier BV,NO VERIFIED OA COPY,,Medical AI,Alzheimer disease / dementia,Structural MRI,Clinical and genetic data,Patch-CNN,Linear projection of non-image features,Unified Transformer tokens,NOT REPORTED,YES,Not verified from available source,ADNI,"1,651 subjects",AUROC,Authors report AUROC 0.993 (AD diagnosis) and 0.845 (MCI conversion).,Not verified from available source,4,"Supports a relevant imaging, fusion, evaluation, explainability, or deployment method.",YES,Publisher abstract and Crossref metadata
P005,Alzheimer disease predicting from clinical and MRI data using DeepALZNET dual pathway framework.,"Bekhet S, Saad N, Farag S.",2025,Scientific reports,10.1038/s41598-025-28221-0,https://doi.org/10.1038/s41598-025-28221-0,Springer Science and Business Media LLC,YES,research/papers/pdf/P005.pdf,Medical AI,Alzheimer disease / dementia,2D brain MRI,Separate structured clinical Kaggle records,VGG19 transfer learning,1D CNN plus random forest,No paired fusion; independent pathways,NOT REPORTED,NOT REPORTED,Not verified from available source,Separate Kaggle clinical and augmented MRI sets; ADNI/OASIS checks reported,"~2,000 clinical records; ~40,000 MRI images",Not verified from available source,Authors report 90.2% clinical and 92.2% MRI test accuracy on separate Kaggle splits,Unpaired modalities; random image split grouping unclear; class imbalance,5,Directly studies AD/dementia imaging with clinical or cognitive information.,NO,Europe PMC core record: https://europepmc.org/article/MED/41345430
P006,"Multimodal AI for Alzheimer Disease Diagnosis: Systematic Review of Datasets, Models, and Modalities.","Yu Z, Mulholland A, Huang T, Liu Q.",2026,Journal of medical Internet research,10.2196/85414,https://doi.org/10.2196/85414,JMIR Publications Inc.,YES,research/papers/pdf/P006.pdf,Systematic review: multimodal Alzheimer AI,Alzheimer disease / dementia,See source abstract,Not verified from available source,Not applicable: review/framework article,Not applicable: review/framework article,"Review of early, intermediate, late, attention/graph fusion",NOT REPORTED,NOT REPORTED,Not verified from available source,"Multiple published cohorts, including ADNI",Not applicable: review/framework article,Methodological synthesis; no newly trained model,See source abstract in note,"Heterogeneous cohorts, modality availability and reporting across reviewed studies",4,"Supports a relevant imaging, fusion, evaluation, explainability, or deployment method.",NO,Europe PMC core record: https://europepmc.org/article/MED/41883140
P007,Progression-Aware and Explainable CNN-Transformer Framework for Multiclass Alzheimer's Disease Staging Using MRI.,"Alsalem K, Elbashir MK, Alzahrani AO, Mohammed M, Mahmood MA, Abd El Fattah T.",2026,"Diagnostics (Basel, Switzerland)",10.3390/diagnostics16040593,https://doi.org/10.3390/diagnostics16040593,MDPI AG,YES,research/papers/pdf/P007.pdf,Medical AI,Alzheimer disease / dementia,MRI images,None reported,CNN–Transformer hybrid,Not verified from available source,Image-only,NOT REPORTED,NOT REPORTED,Attention visualization,"Alzheimer Disease Multiclass MRI image dataset (Singhal 2022), per Section 3.1",Not verified from available source,Cross-validation F1 and AUROC,Authors report mean cross-validation F1 0.991 and AUROC 0.9998,Patient-level grouping for the image collection not established in reviewed sections,4,"Supports a relevant imaging, fusion, evaluation, explainability, or deployment method.",NO,Europe PMC core record: https://europepmc.org/article/MED/41750741
P008,Lightweight Vision Transformer with transfer learning for interpretable Alzheimer's disease severity assessment.,"Sharma R, Acharya V.",2025,Scientific reports,10.1038/s41598-025-28243-8,https://doi.org/10.1038/s41598-025-28243-8,Springer Science and Business Media LLC,YES,research/papers/pdf/P008.pdf,Medical AI,Alzheimer disease / dementia,"OASIS T1 MRI, 2D slices",None in model,ViT plus pretrained CNN; best reported DenseNet201 variant,Not verified from available source,Fusion of two image encoders,NOT REPORTED,NOT REPORTED,LIME; Grad-CAM,OASIS cross-sectional,416 participants in source cohort,Not verified from available source,Authors report 99.89% accuracy for ViT–DenseNet201–ANN,Small moderate-dementia class; clinical data absent,4,"Supports a relevant imaging, fusion, evaluation, explainability, or deployment method.",NO,Europe PMC core record: https://europepmc.org/article/MED/41408128
P009,Development of a novel multimodal deep learning approach to improve diagnostic precision in ovarian cancer.,"Chiu PC, Lee CY, Hsu HC, Tai YJ, Chiang YC, Lu TP.",2026,Briefings in bioinformatics,10.1093/bib/bbag224,https://doi.org/10.1093/bib/bbag224,Oxford University Press (OUP),YES,research/papers/pdf/P009.pdf,Medical AI,Ovarian tumor classification,2D ultrasound,Ultrasound clinical text reports; age,DenseNet-121 plus Swin Transformer,Bio-ClinicalBERT plus MLP,Concatenation plus MLP selected; attention variants ablated,Tested in ablation; not selected architecture,NOT REPORTED,Not verified from available source,National Taiwan University Hospital; external three-center cohort,"1,342 images from 1,062 patients in development cohort",Not verified from available source,See source abstract in note,Single-system development; text reporting variation; limited independent clinical variables,3,"Supports a relevant imaging, fusion, evaluation, explainability, or deployment method.",NO,Europe PMC core record: https://europepmc.org/article/MED/42089749
P010,Multimodal diagnosis model of Alzheimer's disease based on improved Transformer.,"Tang Y, Xiong X, Tong G, Yang Y, Zhang H.",2024,Biomedical engineering online,10.1186/s12938-024-01204-4,https://doi.org/10.1186/s12938-024-01204-4,Springer Science and Business Media LLC,YES,research/papers/pdf/P010.pdf,Medical AI,Alzheimer disease / dementia,Structural MRI plus FDG-PET,None used as fusion modality,Separate 3D CNNs,Not verified from available source,Transformer-mediated image–image feature fusion,NOT REPORTED,NOT REPORTED,Not verified from available source,ADNI,210 subjects: 88 AD and 122 CN,"Accuracy, precision, sensitivity, specificity, F1, AUC",Authors report 98.10% accuracy and 98.35% AUC,Small AD/CN cohort; no clinical-tabular input,4,"Supports a relevant imaging, fusion, evaluation, explainability, or deployment method.",NO,Europe PMC core record: https://europepmc.org/article/MED/38243275
P011,Hybrid deep learning framework MedFusionNet assists multilabel biomedical risk stratification from imaging and tabular data.,"Gorbachev S, Dixit A, Mani A, Wang Z.",2026,Communications medicine,10.1038/s43856-025-01334-3,https://doi.org/10.1038/s43856-025-01334-3,Springer Nature,YES,research/papers/pdf/P011.pdf,Medical AI,Chest disease and cervical cancer risk stratification,Chest X-ray and cervical imaging,Text and clinical inputs in multimodal extension,DenseNet/CNN and Transformer components,Not verified from available source,Parallel multimodal feature fusion,NOT REPORTED,NOT REPORTED,Not verified from available source,NIH ChestX-ray14 and constructed cervical dataset,Not verified from available source,Not verified from available source,See source abstract in note,Task and cohort differ from AD/MCI; input provenance requires audit,3,"Supports a relevant imaging, fusion, evaluation, explainability, or deployment method.",NO,Europe PMC core record: https://europepmc.org/article/MED/41577997
P012,Integrating anatomical priors and clinical semantics for MRI-based diagnosis and care support in Alzheimer's disease.,"Huang X, Zhang M, Chen F.",2026,Frontiers in neuroscience,10.3389/fnins.2026.1852056,https://doi.org/10.3389/fnins.2026.1852056,Frontiers Media SA,YES,research/papers/pdf/P012.pdf,Medical AI,Alzheimer disease / dementia,Brain MRI,Clinical description text; pairing/provenance requires scrutiny,Anatomy- and frequency-aware visual encoder,Clinical-text semantic representation,Cross-modal alignment and gated fusion,NOT REPORTED,NOT REPORTED,Not verified from available source,Self-constructed plus ADNI,"2,106 self-collected and 2,091 ADNI samples reported",Not verified from available source,"Authors report precision 96.3%, recall 96.5%, F-score 95.8%",Only ten hospital text samples stated; text provenance and independence unclear,4,"Supports a relevant imaging, fusion, evaluation, explainability, or deployment method.",NO,Europe PMC core record: https://europepmc.org/article/MED/42459361
P013,Interpretable machine learning model based on multimodal MRI radiomics for Alzheimer's disease diagnosis.,"Keranmu N, Aizezi D, Pan X, Yang L, Liu Y, Liu J.",2026,Frontiers in aging neuroscience,10.3389/fnagi.2026.1876233,https://doi.org/10.3389/fnagi.2026.1876233,Frontiers Media SA,YES,research/papers/pdf/P013.pdf,Medical AI,Alzheimer disease / dementia,"T1, DWI and T2 MRI radiomics",Homocysteine and triglycerides in nomogram,Hand-engineered radiomics,Logistic regression/random forest,Selected radiomic and clinical factors in nomogram,NOT REPORTED,NOT REPORTED,SHAP; nomogram,Single-center retrospective AD/control MRI cohort,"110 subjects: 48 AD, 62 controls","ROC/AUC, calibration, decision-curve analysis",See source abstract in note,Small single-center retrospective sample; no MCI group,4,"Supports a relevant imaging, fusion, evaluation, explainability, or deployment method.",NO,Europe PMC core record: https://europepmc.org/article/MED/42741328
P014,Review of deep learning models for Alzheimer's disease detection: MRI-centric approaches and multimodal extensions.,"Resen RD, Alzubaidi LS, Alwzwazy HA, Capel MI.",2026,Frontiers in artificial intelligence,10.3389/frai.2026.1707043,https://doi.org/10.3389/frai.2026.1707043,Frontiers Media SA,YES,research/papers/pdf/P014.pdf,Review: MRI-based Alzheimer AI,Alzheimer disease / dementia,See source abstract,Not verified from available source,Not applicable: review/framework article,Not applicable: review/framework article,Review of multimodal extensions,NOT REPORTED,NOT REPORTED,Not verified from available source,70 included studies claimed in abstract,Not applicable: review/framework article,Methodological synthesis; no newly trained model,See source abstract in note,Heterogeneous reporting and external generalization in included studies,4,"Supports a relevant imaging, fusion, evaluation, explainability, or deployment method.",NO,Europe PMC core record: https://europepmc.org/article/MED/42222839
P015,"Multimodal neuroimaging and AI integration in cognitive disorders: advances, challenges, and future directions for precision medicine.","Dang M, Liu B, Chen Y, Zhang Z.",2026,Psychoradiology,10.1093/psyrad/kkag007,https://doi.org/10.1093/psyrad/kkag007,Oxford University Press (OUP),YES,research/papers/pdf/P015.pdf,Review: multimodal cognitive-disorder AI,Alzheimer disease / dementia,See source abstract,Reviewed clinical and cognitive inputs,Not applicable: review/framework article,Not applicable: review/framework article,"Reviews early, intermediate and late fusion",NOT REPORTED,NOT REPORTED,Not verified from available source,Published studies or guidance reviewed; no new patient cohort,Not applicable: review/framework article,Methodological synthesis; no newly trained model,See source abstract in note,"Narrative synthesis, not a directly comparable experiment",5,Directly studies AD/dementia imaging with clinical or cognitive information.,NO,Europe PMC core record: https://europepmc.org/article/MED/41884150
P016,Combinations of multimodal neuroimaging biomarkers and cognitive test scores to identify patients with cognitive impairment.,"Nakaoku Y, Ogata S, Nemoto K, Kakuta C, Kiyoshige E, Teramoto K, Nakatsuka K, Ganbaatar G, Ihara M, Nishimura K.",2025,Frontiers in aging neuroscience,10.3389/fnagi.2025.1650629,https://doi.org/10.3389/fnagi.2025.1650629,Frontiers Media SA,YES,research/papers/pdf/P016.pdf,Medical AI,Alzheimer disease / dementia,"MRI-derived structural, perfusion and diffusion biomarkers",Demographics and cognitive test scores,"Derived MRI measurements, no raw-image encoder",Elastic net,Feature-level multisource regression,NOT REPORTED,NOT REPORTED,Not verified from available source,Nobeoka City community older-adult cohort,148 people,AUROC; calibration,Authors report AUC 0.81,Limited single-community sample; potential dependence between cognitive predictor and MCI definition,4,"Supports a relevant imaging, fusion, evaluation, explainability, or deployment method.",NO,Europe PMC core record: https://europepmc.org/article/MED/40881196
P017,Deep learning to predict future cognitive decline: a multimodal approach using brain MRI and clinical data.,"Chattopadhyay T, Senthilkumar P, Ankarath RH, Patterson C, Gleave EJ, Thomopoulos SI, Huang H, Shen L, You L, Zhi D, Thompson PM.",2026,Frontiers in neuroimaging,10.3389/fnimg.2026.1726037,https://doi.org/10.3389/fnimg.2026.1726037,Frontiers Media SA,YES,research/papers/pdf/P017.pdf,Medical AI,Alzheimer disease / dementia,3D T1 MRI and 2D MRI slices in alternative model,Demographic/clinical covariates,3D CNN; AutoGluon multimodal alternative,Not verified from available source,Hybrid CNN plus tabular fusion,NOT REPORTED,NOT REPORTED,Not verified from available source,ADNI and independent cohorts,"ADNI 1,136 participants; other cohorts also studied",Mean absolute error; cross-validation,See source abstract in note,3D GPU memory limits; covariate-dominant task,5,Directly studies AD/dementia imaging with clinical or cognitive information.,NO,Europe PMC core record: https://europepmc.org/article/MED/41717278
P018,Artificial intelligence techniques for classification of Alzheimer's disease using neuroimaging data: a review.,"Nibila Y, Sivagami M.",2026,Frontiers in artificial intelligence,10.3389/frai.2026.1748985,https://doi.org/10.3389/frai.2026.1748985,Frontiers Media SA,YES,research/papers/pdf/P018.pdf,Review: Alzheimer neuroimaging AI,Alzheimer disease / dementia,MRI/PET and other neuroimaging in reviewed studies,Clinical assessments in reviewed literature,Not applicable: review/framework article,Not applicable: review/framework article,Review of multimodal approaches,NOT REPORTED,NOT REPORTED,Not verified from available source,Published studies or guidance reviewed; no new patient cohort,Not applicable: review/framework article,Methodological synthesis; no newly trained model,See source abstract in note,Secondary synthesis rather than direct paired-clinical experiment,4,"Supports a relevant imaging, fusion, evaluation, explainability, or deployment method.",NO,Europe PMC core record: https://europepmc.org/article/MED/42231879
P019,Predicting dementia risk using neuroimaging and cognitive assessment.,"Wang Y, Guiler W, Patel A, Pepper S, Walpitage N, Ratnayake I, Honea R, Mudaranthakam DP.",2025,JAR life,10.1016/j.jarlif.2025.100040,https://doi.org/10.1016/j.jarlif.2025.100040,Elsevier BV,YES,research/papers/pdf/P019.pdf,Medical AI,Alzheimer disease / dementia,MRI-derived hippocampal/gray-matter measures,Brief cognitive assessments and demographics,Derived MRI biomarkers,Not verified from available source,Statistical integration of MRI and clinical measures,NOT REPORTED,NOT REPORTED,SHAP,KU Alzheimer Disease Center cohort,312 older adults,Not verified from available source,See source abstract in note,Memory-concerned cohort enrichment; independent-site validation needed,5,Directly studies AD/dementia imaging with clinical or cognitive information.,NO,Europe PMC core record: https://europepmc.org/article/MED/41424816
P020,An interpretable generative multimodal neuroimaging-genomics framework for decoding Alzheimer's disease.,"Dolci G, Cruciani F, Abdur Rahaman M, Abrol A, Chen J, Fu Z, Boscolo Galazzo I, Menegaz G, Calhoun VD.",2025,Journal of neural engineering,10.1088/1741-2552/ae087d,https://doi.org/10.1088/1741-2552/ae087d,IOP Publishing,YES,research/papers/pdf/P020.pdf,Medical AI,Alzheimer disease / dementia,Multimodal MRI,"Genetic SNPs, not routine clinical table",Not verified from available source,Not verified from available source,Latent feature fusion with cycle-GAN missing-view imputation,NOT REPORTED,NOT REPORTED,Not verified from available source,ADNI,Not verified from available source,Not verified from available source,See source abstract in note,ADNI-specific generalization; imputed views differ from observed data,4,"Supports a relevant imaging, fusion, evaluation, explainability, or deployment method.",NO,Europe PMC core record: https://europepmc.org/article/MED/40961977
P021,"Multi-modal deep learning and explainable AI for predicting multiple dementia-related neuropathologies from brain MRI, clinical, and genetic data.","Chattopadhyay T, Kush R, Ankarath RH, Senthilkumar P, Gleave EJ, Patterson C, Owens-Walton C, Thomopoulos SI, Johnson SC, Mormino EC, Tosun D, Hohman TJ, Thompson PM.",2026,Frontiers in neurology,10.3389/fneur.2026.1839071,https://doi.org/10.3389/fneur.2026.1839071,Frontiers Media SA,YES,research/papers/pdf/P021.pdf,Medical AI,Alzheimer disease / dementia,Volumetric T1 MRI,Clinical and genetic covariates,3D CNN; ViT comparators,Parallel ANN,Hybrid CNN/ANN representation fusion,NOT REPORTED,NOT REPORTED,"Occlusion, Grad-CAM, Integrated Gradients",NACC,950 people,Not verified from available source,See source abstract in note,Autopsy-linked cohort selection; one main source cohort,4,"Supports a relevant imaging, fusion, evaluation, explainability, or deployment method.",NO,Europe PMC core record: https://europepmc.org/article/MED/42577341
P022,A lightweight triple-modal fusion network for progressive mild cognitive impairment prediction in Alzheimer's disease.,"Shen X, Hu X, Zhang R, Fu Y, Xu J, Lyu D, Xie H, Shi D, Shi C, Li L, Gao Y.",2025,Frontiers in neuroscience,10.3389/fnins.2025.1637291,https://doi.org/10.3389/fnins.2025.1637291,Frontiers Media SA,YES,research/papers/pdf/P022.pdf,Medical AI,Alzheimer disease / dementia,Structural MRI plus PET,Clinical tabular features,ResNet imaging branches,Not verified from available source,Hierarchical/bidirectional attention triple-modal fusion,NOT REPORTED,NOT REPORTED,Integrated Gradients,ADNI-1/ADNI-2,Not verified from available source,"Accuracy, AUROC, F1, sensitivity",Authors report 81.25% accuracy and AUROC 0.8146,Complete-case multimodal selection; PET requirement,5,Directly studies AD/dementia imaging with clinical or cognitive information.,NO,Europe PMC core record: https://europepmc.org/article/MED/40933190
P023,Multi-model deep learning for dementia detection: addressing data and model limitations.,"Bayahya AY, Jammal F, Banjar H, Eassa FE, Talabay O, Alamri SH.",2025,Frontiers in neuroscience,10.3389/fnins.2025.1638022,https://doi.org/10.3389/fnins.2025.1638022,Frontiers Media SA,YES,research/papers/pdf/P023.pdf,Medical AI,Alzheimer disease / dementia,ADNI structural MRI/coronal slices,Not clearly a paired independent clinical input,"CNN, ViT, 3D CNN and capsule comparators",Not verified from available source,Multimodal attention variant among model comparisons,NOT REPORTED,NOT REPORTED,Not verified from available source,ADNI,Not verified from available source,Not verified from available source,See source abstract in note,Patient grouping and external generalization need independent verification,4,"Supports a relevant imaging, fusion, evaluation, explainability, or deployment method.",NO,Europe PMC core record: https://europepmc.org/article/MED/41378346
P024,Resolving Heterogeneity in the Diagnosis of Alzheimer's Disease and its Progression Using Multimodal Data.,"Hu F, Tang NLS, Wang H, Zheng H.",2026,Journal of molecular neuroscience : MN,10.1007/s12031-026-02474-4,https://doi.org/10.1007/s12031-026-02474-4,Springer Science and Business Media LLC,YES,research/papers/pdf/P024.pdf,Medical AI,Alzheimer disease / dementia,MRI-derived measurements,Cognitive and other patient measurements,Not verified from available source,Not verified from available source,Similarity network fusion and spectral clustering,NOT REPORTED,NOT REPORTED,Not verified from available source,972-subject multimodal AD/MCI/CN cohort described in article,"972 subjects: 370 CN, 565 MCI, 37 AD",Not verified from available source,See source abstract in note,Small AD subgroup; unsupervised subtype labels not direct diagnosis test,4,"Supports a relevant imaging, fusion, evaluation, explainability, or deployment method.",NO,Europe PMC core record: https://europepmc.org/article/MED/41636955
P025,Research progress in predicting the conversion from mild cognitive impairment to Alzheimer's disease via multimodal MRI and artificial intelligence.,"Ai M, Liu Y, Liu D, Yan C, Wang X, Chen X.",2025,Frontiers in neurology,10.3389/fneur.2025.1596632,https://doi.org/10.3389/fneur.2025.1596632,Frontiers Media SA,YES,research/papers/pdf/P025.pdf,Review: MCI-to-AD prediction,Alzheimer disease / dementia,"Structural, functional and perfusion MRI in reviewed studies",Not verified from available source,Not applicable: review/framework article,Not applicable: review/framework article,Review of multimodal MRI approaches,NOT REPORTED,NOT REPORTED,Not verified from available source,Published studies or guidance reviewed; no new patient cohort,Not applicable: review/framework article,Methodological synthesis; no newly trained model,See source abstract in note,Review rather than a new paired image–clinical experiment,4,"Supports a relevant imaging, fusion, evaluation, explainability, or deployment method.",NO,Europe PMC core record: https://europepmc.org/article/MED/40529431
P026,"A systematic study on the integration of MRI connectivity metrics for Alzheimer's diagnosis, staging, and cognitive decline prediction.","Ali S, Kreshpa W, Rosso N, Piana M, Roccatagliata L, Cirone A, Luigi L, Campi C, Pardini M, Garbarino S.",2026,Frontiers in neuroimaging,10.3389/fnimg.2026.1746464,https://doi.org/10.3389/fnimg.2026.1746464,Frontiers Media SA,YES,research/papers/pdf/P026.pdf,Medical AI,Alzheimer disease / dementia,"MRI-derived morphometry, diffusion microstructure and graph features","Cognitive outcome/variables, not primary raw clinical branch",Engineered MRI features with conventional ML,Not verified from available source,Concatenated MRI feature-family combinations,NOT REPORTED,NOT REPORTED,Not verified from available source,ADNI,Not verified from available source,Nested cross-validation,See source abstract in note,Single primary cohort; feature value varies by task,4,"Supports a relevant imaging, fusion, evaluation, explainability, or deployment method.",NO,Europe PMC core record: https://europepmc.org/article/MED/41783522
P027,NeuroNet-AD: A Multimodal Deep Learning Framework for Multiclass Alzheimer's Disease Diagnosis.,"Rahman S, Rahman MM, Bhatt S, Sundararajan R, Faezipour M.",2025,"Bioengineering (Basel, Switzerland)",10.3390/bioengineering12101107,https://doi.org/10.3390/bioengineering12101107,MDPI AG,YES,research/papers/pdf/P027.pdf,Medical AI,Alzheimer disease / dementia,3D MRI sampled to ten 2D slices/subject,"Metadata including age, APOE, MMSE, CDR and FAQ",ResNet-18 plus CBAM,BERT text encoder for metadata,Meta-guided cross-attention,YES,NOT REPORTED,Not verified from available source,ADNI1; OASIS-3 external,"200 ADNI1 subjects; 2,000 slices; 921 OASIS-3 external images",Not verified from available source,Authors report 98.68% held-out and 94.10% external multiclass accuracy,Cognitive label proxies; image-vs-patient result denominator needs checking,4,"Supports a relevant imaging, fusion, evaluation, explainability, or deployment method.",NO,Europe PMC core record: https://europepmc.org/article/MED/41155106
P028,Early detection and classification of Alzheimer's disease through data fusion of MRI and DTI images using the YOLOv11 neural network.,"Hechkel W, Helali A.",2025,Frontiers in neuroscience,10.3389/fnins.2025.1554015,https://doi.org/10.3389/fnins.2025.1554015,Frontiers Media,YES,research/papers/pdf/P028.pdf,Medical AI,Alzheimer disease / dementia,MRI plus DTI,None as separate model branch,YOLOv11,Not verified from available source,Image–image fusion,NOT REPORTED,NOT REPORTED,Not verified from available source,ADNI-derived imaging,Not verified from available source,"Precision, recall, mAP50","Authors report 93.6% precision, 91.6% recall, 96.7% mAP50",Different detection task; Colab Pro used,4,"Supports a relevant imaging, fusion, evaluation, explainability, or deployment method.",NO,Europe PMC core record: https://europepmc.org/article/MED/40134415
P029,Prediction of future dementia among patients with mild cognitive impairment (MCI) by integrating multimodal clinical data.,"Cirincione A, Lynch K, Bennett J, Choupan J, Varghese B, Sheikh-Bahaei N, Pandey G, Alzheimer's Disease Neuroimaging Initiative.",2024,Heliyon,10.1016/j.heliyon.2024.e36728,https://doi.org/10.1016/j.heliyon.2024.e36728,Elsevier BV,YES,,Medical AI,Alzheimer disease / dementia,MRI-derived regional volumes among multimodal variables,TADPOLE baseline clinical/cognitive data,Derived MRI measurements,Not verified from available source,Ensemble Integration of heterogeneous features,NOT REPORTED,NOT REPORTED,Not verified from available source,ADNI-derived TADPOLE,841 baseline MCI patients; 672 development,"AUC, F-measure",Authors report held-out AUC 0.81 and F-measure 0.68,"Derived imaging, not raw MRI; follow-up outcome availability",5,Directly studies AD/dementia imaging with clinical or cognitive information.,NO,Europe PMC core record: https://europepmc.org/article/MED/39281465
P030,Prediction of dementia risk from multimodal repeated measures: The added value of brain MRI biomarkers.,"Bercu A, Dufouil C, Debette S, Joliot M, Tsuchida A, Helmer C, Devaux A, Bouteloup V, Proust-Lima C, Jacqmin-Gadda H.",2024,"Alzheimer's & dementia (Amsterdam, Netherlands)",10.1002/dad2.12578,https://doi.org/10.1002/dad2.12578,Wiley,YES,research/papers/pdf/P030.pdf,Medical AI,Alzheimer disease / dementia,MRI-derived atrophy and small-vessel markers,"Demographics, health, cognition, function",Derived MRI biomarkers,Not verified from available source,Longitudinal competing-risk integration,NOT REPORTED,NOT REPORTED,Not verified from available source,French Three-City Study,"1,716 participants",Five-year AUROC and confidence intervals,Authors report AUC 0.80 to 0.83 with MRI markers,Added value of repeat MRI was small after cognition,4,"Supports a relevant imaging, fusion, evaluation, explainability, or deployment method.",NO,Europe PMC core record: https://europepmc.org/article/MED/38800122
P031,Histopathology in focus: a review on explainable multi-modal approaches for breast cancer diagnosis.,"Abdullakutty F, Akbari Y, Al-Maadeed S, Bouridane A, Talaat IM, Hamoudi R.",2024,Frontiers in medicine,10.3389/fmed.2024.1450103,https://doi.org/10.3389/fmed.2024.1450103,Frontiers Media SA,YES,research/papers/pdf/P031.pdf,Review: multimodal breast-cancer XAI,See title,Histopathology and radiology in reviewed studies,Clinical records and genomics in reviewed studies,Not applicable: review/framework article,Not applicable: review/framework article,Review of early/intermediate/late fusion,NOT REPORTED,NOT REPORTED,"Review of Grad-CAM, SHAP, LIME and attention",Published studies or guidance reviewed; no new patient cohort,Not applicable: review/framework article,Methodological synthesis; no newly trained model,See source abstract in note,Review rather than an AD or prospective utility experiment,3,"Supports a relevant imaging, fusion, evaluation, explainability, or deployment method.",NO,Europe PMC core record: https://europepmc.org/article/MED/39403286
P032,Are AI Neuroimaging Models Ready for Clinical Use? A Systematic Methodological Review.,"Sulaimanov U, Sanlier N, Moniri A, Demir B, Serikkanov Y, Bayramoglu AR, Al-Jebur MS, Uslu I, Ozturk O, Nizzola M, Ötleş E, Ammanuel SG, Keles A, Erginoglu U, Baskaya MK.",2026,Journal of clinical medicine,10.3390/jcm15093441,https://doi.org/10.3390/jcm15093441,MDPI,YES,research/papers/pdf/P032.pdf,Systematic methodological review,See title,See source abstract,Not verified from available source,Not applicable: review/framework article,Not applicable: review/framework article,Not verified from available source,NOT REPORTED,NOT REPORTED,Not verified from available source,91 published neuroimaging AI studies,Not applicable: review/framework article,"External validation, calibration, comparators, reporting and leakage indicators",Authors report 75.8% external validation and 30.8% calibration reporting,Quality assessment relies on study reporting,3,"Supports a relevant imaging, fusion, evaluation, explainability, or deployment method.",NO,Europe PMC core record: https://europepmc.org/article/MED/42123173
P033,The Effect of Data Leakage and Feature Selection on Machine Learning Performance for Early Parkinson's Disease Detection.,"Starcke J, Spadafora J, Spadafora J, Spadafora P, Toma M.",2025,"Bioengineering (Basel, Switzerland)",10.3390/bioengineering12080845,https://doi.org/10.3390/bioengineering12080845,MDPI AG,YES,,Medical AI,Parkinson disease,None; structured clinical data,Motor and non-motor features,Not verified from available source,Not verified from available source,No multimodal image fusion,NOT REPORTED,NOT REPORTED,Not verified from available source,Public structured Parkinson dataset,"2,105 people",Not verified from available source,See source abstract in note,One dataset; symptom availability is task-dependent,3,"Supports a relevant imaging, fusion, evaluation, explainability, or deployment method.",NO,Europe PMC core record: https://europepmc.org/article/MED/40868358
P034,Robust radiomics: a review of guidelines for radiomics in medical imaging.,"Avanzo M, Soda P, Bertolini M, Bettinelli A, Rancati T, Stancanello J, Rampado O, Pirrone G, Drigo A.",2025,Frontiers in radiology,10.3389/fradi.2025.1701110,https://doi.org/10.3389/fradi.2025.1701110,Frontiers Media SA,YES,research/papers/pdf/P034.pdf,Review: radiomics reproducibility,See title,Multiple imaging types in reviewed guidance,Not verified from available source,Not applicable: review/framework article,Not applicable: review/framework article,Not verified from available source,NOT REPORTED,NOT REPORTED,Not verified from available source,Guideline literature,Not applicable: review/framework article,Methodological synthesis; no newly trained model,See source abstract in note,"Guideline synthesis, not a direct architecture comparison",3,"Supports a relevant imaging, fusion, evaluation, explainability, or deployment method.",NO,Europe PMC core record: https://europepmc.org/article/MED/41602202
P035,Diagnostic Codes in AI Prediction Models and Label Leakage of Same-Admission Clinical Outcomes.,"Ramadan B, Liu MC, Burkhart MC, Parker WF, Beaulieu-Jones BK.",2025,JAMA network open,10.1001/jamanetworkopen.2025.50454,https://doi.org/10.1001/jamanetworkopen.2025.50454,American Medical Association (AMA),YES,,Medical AI,Same-admission hospital outcomes,None; EHR diagnosis codes,ICD codes,Not verified from available source,Not verified from available source,No image fusion,NOT REPORTED,NOT REPORTED,Not verified from available source,MIMIC-IV 2.2,"180,640 patients; 422,534 admissions",Not verified from available source,"40.2% of surveyed same-admission models used ICD codes, per authors",MIMIC-focused study; not direct AD evidence,3,"Supports a relevant imaging, fusion, evaluation, explainability, or deployment method.",NO,Europe PMC core record: https://europepmc.org/article/MED/41632159
P036,Responsible artificial intelligence in medical imaging: a systematic review.,"Fahad N, Sadib RJ, Sajib RH, Morol MK, Nandi D, Liew TH.",2026,Frontiers in digital health,10.3389/fdgth.2026.1884692,https://doi.org/10.3389/fdgth.2026.1884692,Frontiers Media SA,YES,research/papers/pdf/P036.pdf,Scoping review: responsible medical imaging AI,See title,See source abstract,Not verified from available source,Not applicable: review/framework article,Not applicable: review/framework article,Not verified from available source,NOT REPORTED,NOT REPORTED,Not verified from available source,24 reviewed studies,Not applicable: review/framework article,"Fairness, calibration, validation and privacy reporting",See source abstract in note,"Scoping sample, no pooled effect; heterogeneous studies",3,"Supports a relevant imaging, fusion, evaluation, explainability, or deployment method.",NO,Europe PMC core record: https://europepmc.org/article/MED/42535035
P037,TRIAGE: Trustworthy Reporting and Assessment for Clinical Gain and Effectiveness of AI Models.,"Fazilati F, Rajabi MZ, Alihosseini N, Farsani ME, Sandid SH, Zamani S, Alirezaei Farahani M, Biriaei F, Sadeghipour F, Mirshamsi MT, Fahami M, Marateb HR.",2026,"Diagnostics (Basel, Switzerland)",10.3390/diagnostics16050666,https://doi.org/10.3390/diagnostics16050666,MDPI,YES,research/papers/pdf/P037.pdf,Clinical AI evaluation framework,See title,See source abstract,Not verified from available source,Not applicable: review/framework article,Not applicable: review/framework article,Not verified from available source,NOT REPORTED,NOT REPORTED,Not verified from available source,Published studies or guidance reviewed; no new patient cohort,Not applicable: review/framework article,"Sensitivity, specificity, AUROC, calibration, grouped/temporal/external validation",See source abstract in note,"Framework proposal, not prospective validation of our system",3,"Supports a relevant imaging, fusion, evaluation, explainability, or deployment method.",NO,Europe PMC core record: https://europepmc.org/article/MED/41827942
P038,A Lightweight Conformer-Based Framework for Medical Image Classification.,"Vijayasree S, Krishna A, Nair AS, Alex A, Jayakrishnan SK, Nair JJ.",2026,Journal of imaging,10.3390/jimaging12080344,https://doi.org/10.3390/jimaging12080344,MDPI,YES,,Medical AI,See title,Retinal and other image benchmarks,None,Lightweight Conformer,Not verified from available source,Image-only CNN/Transformer feature integration,NOT REPORTED,NOT REPORTED,Not verified from available source,"Eight image datasets, including ROP and MedMNIST subsets",Multiple image datasets; no single patient denominator,Cross-validation and classification metrics,See source abstract in note,No MRI–clinical evaluation,3,"Supports a relevant imaging, fusion, evaluation, explainability, or deployment method.",NO,Europe PMC core record: https://europepmc.org/article/MED/42645943
P039,Few-shot deployment of pretrained MRI transformers in brain imaging tasks.,"Li M, Shen G, Farris CW, Zhang X.",2026,Frontiers in artificial intelligence,10.3389/frai.2026.1771088,https://doi.org/10.3389/frai.2026.1771088,Frontiers Media SA,YES,research/papers/pdf/P039.pdf,Medical AI,See title,2D brain MRI slices,None,Masked Autoencoder ViT,Not verified from available source,"CNN/Transformer fusion for segmentation, not clinical fusion",NOT REPORTED,NOT REPORTED,Not verified from available source,"NACC, OASIS, ADNI and independent task sets",>31 million slices in pretraining; participant count not equivalent,Not verified from available source,See source abstract in note,Pretraining scale not replicable on free compute,3,"Supports a relevant imaging, fusion, evaluation, explainability, or deployment method.",NO,Europe PMC core record: https://europepmc.org/article/MED/41994558
P040,CMAP-Fusion: A cross-modal feature selection and model pruning framework for laboratory and imaging data.,"Liu C, Yang L, Lei J.",2026,PloS one,10.1371/journal.pone.0346875,https://doi.org/10.1371/journal.pone.0346875,Public Library of Science (PLoS),YES,research/papers/pdf/P040.pdf,Medical AI,See title,X-ray and dermoscopy/image datasets,"Laboratory data, partly simulated in evaluation",ViT-B/16,Laboratory feature alignment/pruning,Cross-Modal Transformer with cross-attention,YES,YES,Not verified from available source,Three public image datasets; real and simulated laboratory pairing,Not verified from available source,"Accuracy, model efficiency, robustness to image noise/missing laboratory data",See source abstract in note,Part of multimodal evaluation uses simulated clinical features,3,"Supports a relevant imaging, fusion, evaluation, explainability, or deployment method.",NO,Europe PMC core record: https://europepmc.org/article/MED/42030287
P041,Hierarchical multi-scale vision transformer model for accurate detection and classification of brain tumors in MRI-based medical imaging.,"Sankari C, Jamuna V, Kavitha AR.",2025,Scientific reports,10.1038/s41598-025-23100-0,https://doi.org/10.1038/s41598-025-23100-0,Springer Science and Business Media LLC,YES,research/papers/pdf/P041.pdf,Medical AI,Brain tumor,Contrast-enhanced T1 MRI images,None,Hierarchical multi-scale ViT,Not verified from available source,Image-only multi-scale feature integration,NOT REPORTED,NOT REPORTED,Not verified from available source,Kaggle brain-tumor MRI set,"7,023 images","AUROC, F1, ECE",Authors report AUROC 0.988 and ECE 0.023,Image-level dataset provenance differs from patient-level Alzheimer cohort,3,"Supports a relevant imaging, fusion, evaluation, explainability, or deployment method.",NO,Europe PMC core record: https://europepmc.org/article/MED/41174141
P042,Improving early liver metastasis detection in colorectal cancer using a weighted ensemble of ResNet50 and swin transformer: a KHCC study.,"Nasayreh A, Gharaibeh H, Al-Qawabah R, Gharaibeh A, Altalla B, Sultan I.",2025,Frontiers in big data,10.3389/fdata.2025.1700292,https://doi.org/10.3389/fdata.2025.1700292,Frontiers Media SA,YES,research/papers/pdf/P042.pdf,Medical AI,Colorectal liver metastasis,Liver CT,"Clinical context described, but model input pairing needs audit",Not verified from available source,Not verified from available source,Weighted soft-voting image-model ensemble,NOT REPORTED,NOT REPORTED,Not verified from available source,KHCC Liver Metastasis study as described,Not verified from available source,Classification metrics and per-image inference latency,Authors report 0.39 s per-image inference,CT/image workflow and hardware differ from MRI volume inference,3,"Supports a relevant imaging, fusion, evaluation, explainability, or deployment method.",NO,Europe PMC core record: https://europepmc.org/article/MED/41602601
P043,Optimized federated learning framework with RegNetZ and Swin-Transformer for multimodal pancreatic cancer detection1.,"Ge W, Govindarajan V, Yang J, Ayadi M, Shaikh ZA, Li L, Por LY, Liu N, Tu Y.",2025,Scientific reports,10.1038/s41598-025-31967-2,https://doi.org/10.1038/s41598-025-31967-2,Springer Science and Business Media LLC,YES,research/papers/pdf/P043.pdf,Medical AI,Pancreatic cancer,"CT, MRI, histology as described",Clinical/genetic inputs described,RegNetZ plus Swin Transformer,Not verified from available source,Feature-level fusion in federated framework,NOT REPORTED,NOT REPORTED,Not verified from available source,Kaggle source described; simulated federated setting,"44,269 images reported for simulation",Not verified from available source,See source abstract in note,Authentic pairing/site provenance and prospective privacy evidence not established,3,"Supports a relevant imaging, fusion, evaluation, explainability, or deployment method.",NO,Europe PMC core record: https://europepmc.org/article/MED/41444372
P044,MedPTQ: a practical pipeline for real post-training quantization in 3D medical image segmentation.,"Qu C, Zhao R, Yu Y, Liu B, Yao T, Zhu J, Landman BA, Tang Y, Huo Y.",2026,"Journal of medical imaging (Bellingham, Wash.)",10.1117/1.jmi.13.1.014006,https://doi.org/10.1117/1.jmi.13.1.014006,SPIE-Intl Soc Optical Eng,YES,research/papers/pdf/P044.pdf,Medical AI,See title,3D CT and MRI segmentation,None,Segmentation models including SwinUNETR,Not verified from available source,No clinical fusion,NOT REPORTED,NOT REPORTED,Not verified from available source,BTCV and other segmentation sets,Not verified from available source,"Segmentation quality, model size, inference latency",See source abstract in note,Segmentation/GPU quantization results may not transfer to CPU MRI classifier,3,"Supports a relevant imaging, fusion, evaluation, explainability, or deployment method.",NO,Europe PMC core record: https://europepmc.org/article/MED/41709974
P045,An optimized transformer model for efficient detection of thoracic diseases in chest X-rays with multi-scale feature fusion.,"Yu S, Zhou P.",2025,PloS one,10.1371/journal.pone.0323239,https://doi.org/10.1371/journal.pone.0323239,Public Library of Science (PLoS),YES,research/papers/pdf/P045.pdf,Medical AI,Thoracic disease detection,Chest X-ray,None,ResNet-50 plus DETR,Not verified from available source,Image feature multi-scale fusion,NOT REPORTED,NOT REPORTED,Not verified from available source,NIH Chest X-ray; VinBigData,NIH and VinBigData images; see source dataset sections,"Detection precision, recall and IoU","Authors report NIH precision 88.3%, recall 86.6%",Detection task differs from patient-level MRI classification,3,"Supports a relevant imaging, fusion, evaluation, explainability, or deployment method.",NO,Europe PMC core record: https://europepmc.org/article/MED/40334189
P046,BAE-ViT: An Efficient Multimodal Vision Transformer for Bone Age Estimation.,"Zhang J, Chen W, Joshi T, Zhang X, Loh PL, Jog V, Bruce RJ, Garrett JW, McMillan AB.",2024,"Tomography (Ann Arbor, Mich.)",10.3390/tomography10120146,https://doi.org/10.3390/tomography10120146,MDPI AG,YES,research/papers/pdf/P046.pdf,Medical AI,Pediatric bone-age estimation,Hand radiograph,Sex token,ViT,Non-image token embedding,Joint image/sex token Transformer,NOT REPORTED,NOT REPORTED,Not verified from available source,RSNA bone-age and external set,"12,611 training and 1,425 validation images",Not verified from available source,See source abstract in note,Single clinical variable; regression task,3,"Supports a relevant imaging, fusion, evaluation, explainability, or deployment method.",NO,Europe PMC core record: https://europepmc.org/article/MED/39728908
P047,Rethinking model prototyping through the MedMNIST+ dataset collection.,"Doerrich S, Di Salvo F, Brockmann J, Ledig C.",2025,Scientific reports,10.1038/s41598-025-92156-9,https://doi.org/10.1038/s41598-025-92156-9,Springer Science and Business Media LLC,YES,research/papers/pdf/P047.pdf,Medical image benchmark study,See title,Multiple MedMNIST+ image types,None,CNN and ViT comparisons,Not verified from available source,Image-only,NOT REPORTED,NOT REPORTED,Not verified from available source,MedMNIST+ collection,Not verified from available source,Not verified from available source,See source abstract in note,Benchmark scale/tasks differ from paired patient MRI–clinical study,3,"Supports a relevant imaging, fusion, evaluation, explainability, or deployment method.",NO,Europe PMC core record: https://europepmc.org/article/MED/40044786
P048,Efficient pneumonia detection using Vision Transformers on chest X-rays.,"Singh S, Kumar M, Kumar A, Verma BK, Abhishek K, Selvarajan S.",2024,Scientific reports,10.1038/s41598-024-52703-2,https://doi.org/10.1038/s41598-024-52703-2,Springer Science and Business Media LLC,YES,research/papers/pdf/P048.pdf,Medical AI,Pneumonia,Chest X-ray,None,Vision Transformer,Not verified from available source,Image-only,NOT REPORTED,NOT REPORTED,Not verified from available source,Not verified from available source,Not verified from available source,"Accuracy, sensitivity, specificity","Authors report 97.61% accuracy, 95% sensitivity, 98% specificity",Different imaging and disease domain,3,"Supports a relevant imaging, fusion, evaluation, explainability, or deployment method.",NO,Europe PMC core record: https://europepmc.org/article/MED/38291130
P049,"Enhancing diagnostic deep learning via self-supervised pretraining on large-scale, unlabeled non-medical images.","Tayebi Arasteh S, Misera L, Kather JN, Truhn D, Nebelung S.",2024,European radiology experimental,10.1186/s41747-023-00411-3,https://doi.org/10.1186/s41747-023-00411-3,Springer Science and Business Media LLC,YES,research/papers/pdf/P049.pdf,Medical AI,Thoracic abnormalities,Chest radiographs,None,ViT-B with different pretraining,Not verified from available source,Image-only,NOT REPORTED,NOT REPORTED,Not verified from available source,Six international chest-radiograph cohorts,">800,000 images across sources, per authors",Not verified from available source,See source abstract in note,Pretraining domain and target MRI domain differ,3,"Supports a relevant imaging, fusion, evaluation, explainability, or deployment method.",NO,Europe PMC core record: https://europepmc.org/article/MED/38326501
P050,Stitched vision transformer for age-related macular degeneration detection using retinal optical coherence tomography images.,"Azizi MM, Abhari S, Sajedi H.",2024,PloS one,10.1371/journal.pone.0304943,https://doi.org/10.1371/journal.pone.0304943,Public Library of Science (PLoS),YES,research/papers/pdf/P050.pdf,Medical AI,Age-related macular degeneration,Retinal OCT,None,Stitched Vision Transformer,Not verified from available source,Image-only model stitching,NOT REPORTED,NOT REPORTED,Not verified from available source,NEH OCT and pretraining source,Not verified from available source,Not verified from available source,Authors report >94.9% accuracy after 100 epochs in stated setting,Needs suitable pretrained OCT model; domain differs from MRI,3,"Supports a relevant imaging, fusion, evaluation, explainability, or deployment method.",NO,Europe PMC core record: https://europepmc.org/article/MED/38837967
