paper_id,status,verified_pdf_url
P001,downloaded,https://www.frontiersin.org/articles/10.3389/frai.2026.1849315/pdf
P002,downloaded,https://openaccess.thecvf.com/content/ICCV2025W/CVAMD/papers/Sharshar_Not_Only_Grey_Matter_OmniBrain_for_Robust_Multimodal_Classification_of_ICCVW_2025_paper.pdf
P003,no legal direct PDF verified,
P004,no legal direct PDF verified,
P005,downloaded,https://www.nature.com/articles/s41598-025-28221-0.pdf
P006,downloaded,https://pmc-oa-opendata.s3.amazonaws.com/PMC13018777.1/PMC13018777.1.pdf
P007,downloaded,https://pmc-oa-opendata.s3.amazonaws.com/PMC12939236.1/PMC12939236.1.pdf
P008,downloaded,https://www.nature.com/articles/s41598-025-28243-8.pdf
P009,downloaded,https://pmc-oa-opendata.s3.amazonaws.com/PMC13147446.1/PMC13147446.1.pdf
P010,downloaded,https://biomedical-engineering-online.biomedcentral.com/counter/pdf/10.1186/s12938-024-01204-4
P011,downloaded,https://www.nature.com/articles/s43856-025-01334-3.pdf
P012,downloaded,https://www.frontiersin.org/articles/10.3389/fnins.2026.1852056/pdf
P013,downloaded,https://www.frontiersin.org/articles/10.3389/fnagi.2026.1876233/pdf
P014,downloaded,https://www.frontiersin.org/articles/10.3389/frai.2026.1707043/pdf
P015,downloaded,https://pmc-oa-opendata.s3.amazonaws.com/PMC13010822.1/PMC13010822.1.pdf
P016,downloaded,https://www.frontiersin.org/articles/10.3389/fnagi.2025.1650629/pdf
P017,downloaded,https://www.frontiersin.org/articles/10.3389/fnimg.2026.1726037/pdf
P018,downloaded,https://www.frontiersin.org/articles/10.3389/frai.2026.1748985/pdf
P019,downloaded,https://pmc-oa-opendata.s3.amazonaws.com/PMC12717778.1/PMC12717778.1.pdf
P020,downloaded,https://iopscience.iop.org/article/10.1088/1741-2552/ae087d/pdf
P021,downloaded,https://www.frontiersin.org/articles/10.3389/fneur.2026.1839071/pdf
P022,downloaded,https://www.frontiersin.org/articles/10.3389/fnins.2025.1637291/pdf
P023,downloaded,https://www.frontiersin.org/articles/10.3389/fnins.2025.1638022/pdf
P024,downloaded,https://pmc-oa-opendata.s3.amazonaws.com/PMC12872672.1/PMC12872672.1.pdf
P025,downloaded,https://www.frontiersin.org/articles/10.3389/fneur.2025.1596632/pdf
P026,downloaded,https://www.frontiersin.org/articles/10.3389/fnimg.2026.1746464/pdf
P027,downloaded,https://pmc-oa-opendata.s3.amazonaws.com/PMC12561078.1/PMC12561078.1.pdf
P028,downloaded,https://www.frontiersin.org/articles/10.3389/fnins.2025.1554015/pdf
P029,no legal direct PDF verified,
P030,downloaded,https://pmc-oa-opendata.s3.amazonaws.com/PMC11127684.1/PMC11127684.1.pdf
P031,downloaded,https://www.frontiersin.org/articles/10.3389/fmed.2024.1450103/pdf
P032,downloaded,https://pmc-oa-opendata.s3.amazonaws.com/PMC13164521.1/PMC13164521.1.pdf
P033,no legal direct PDF verified,
P034,downloaded,https://www.frontiersin.org/articles/10.3389/fradi.2025.1701110/pdf
P035,no legal direct PDF verified,
P036,downloaded,https://www.frontiersin.org/articles/10.3389/fdgth.2026.1884692/pdf
P037,downloaded,https://pmc-oa-opendata.s3.amazonaws.com/PMC12984829.1/PMC12984829.1.pdf
P038,no legal direct PDF verified,
P039,downloaded,https://www.frontiersin.org/articles/10.3389/frai.2026.1771088/pdf
P040,downloaded,https://pmc-oa-opendata.s3.amazonaws.com/PMC13108806.1/PMC13108806.1.pdf
P041,downloaded,https://www.nature.com/articles/s41598-025-23100-0.pdf
P042,downloaded,https://www.frontiersin.org/articles/10.3389/fdata.2025.1700292/pdf
P043,downloaded,https://www.nature.com/articles/s41598-025-31967-2.pdf
P044,downloaded,https://pmc-oa-opendata.s3.amazonaws.com/PMC12912285.1/PMC12912285.1.pdf
P045,downloaded,https://journals.plos.org/plosone/article/file?id=10.1371/journal.pone.0323239&type=printable
P046,downloaded,https://pmc-oa-opendata.s3.amazonaws.com/PMC11679900.1/PMC11679900.1.pdf
P047,downloaded,https://www.nature.com/articles/s41598-025-92156-9.pdf
P048,downloaded,https://www.nature.com/articles/s41598-024-52703-2.pdf
P049,downloaded,https://eurradiolexp.springeropen.com/counter/pdf/10.1186/s41747-023-00411-3
P050,downloaded,https://pmc-oa-opendata.s3.amazonaws.com/PMC11152295.1/PMC11152295.1.pdf
